"DRUG_CODE_ID","DESCRIPTION","BNF1","BNF2","BNF3","ATC","FREQUENCY","DATABASE"
"23260","CALPOL PAEDIATRIC    ","00000000",,,,"1","CPRD_GOLD"
"52455","Medinol For Children 120mg/5ml oral suspension (SSL International Plc) Paracetamol 24mg/1ml Oral suspension Oral","04070100",,,,"15","CPRD_GOLD"
"175","PARACETAMOL 1 GM SUP    ","00000000",,,,"555","CPRD_GOLD"
"49849","Paracetamol 500mg caplets (Phoenix Healthcare Distribution Ltd) Paracetamol 500mg Tablet Oral","04070100",,,,"5815","CPRD_GOLD"
"36754","Paracetamol 500mg soluble tablets (A A H Pharmaceuticals Ltd) Paracetamol 500mg Effervescent tablet Oral","04070100",,,,"11","CPRD_GOLD"
"68070","Paracetamol 500mg tablets (Zanza Specials International Ltd) Paracetamol 500mg Tablet Oral","04070100",,,,"0","CPRD_GOLD"
"66097","Paracetamol 500mg capsules (Almus Pharmaceuticals Ltd) Paracetamol 500mg Capsule Oral","04070100",,,,"1","CPRD_GOLD"
"33666","Paracetamol 500mg tablets (Actavis UK Ltd) Paracetamol 500mg Tablet Oral","04070100",,,,"4374","CPRD_GOLD"
"23114","Panaleve plus 120mg/5ml Oral suspension sugar free (Pinewood Healthcare) Paracetamol 120mg/5ml Oral Suspension Oral","04070100",,,,"241","CPRD_GOLD"
"1862","Paracetamol 500mg/5ml oral suspension sugar free Paracetamol 500mg/5ml Suspension Sugar-Free Oral","04070100",,,,"36859","CPRD_GOLD"
"70326","Paravict 500mg tablets (Ecogen Europe Ltd) Paracetamol 500mg Tablet Oral","04070100",,,,"54","CPRD_GOLD"
"27553","PARACETAMOL    ","00000000",,,,"0","CPRD_GOLD"
"51595","Calpol Infant 120mg/5ml oral suspension 5ml sachets (McNeil Products Ltd) Paracetamol 24mg/1ml Oral suspension Oral","04070100",,,,"1273","CPRD_GOLD"
"23274","PARACETAMOL    ","00000000",,,,"3","CPRD_GOLD"
"8700","PARACETAMOL 125 MG TAB    ","00000000",,,,"97","CPRD_GOLD"
"34164","Paracetamol 500mg soluble tablets (Fannin UK Ltd) Paracetamol 500mg Effervescent tablet Oral","04070100",,,,"356","CPRD_GOLD"
"65330","Paracetamol 500mg capsules (DE Pharmaceuticals) Paracetamol 500mg Capsule Oral","04070100",,,,"1","CPRD_GOLD"
"262","Paracetamol 250mg/5ml oral suspension Paracetamol 50mg/1ml Oral suspension Oral","04070100",,,,"712257","CPRD_GOLD"
"48816","Disprol Paracetamol 120mg/5ml oral suspension (Reckitt Benckiser Healthcare (UK) Ltd) Paracetamol 24mg/1ml Oral suspension Oral","04070100",,,,"2109","CPRD_GOLD"
"68738","Junior Parapaed 120mg/5ml oral suspension sugar free colour free (Pinewood Healthcare) Paracetamol 24mg/1ml Oral suspension Oral","04070100",,,,"6","CPRD_GOLD"
"39940","Panadol ActiFast Soluble tablets (GlaxoSmithKline Consumer Healthcare) Paracetamol 500mg Effervescent tablet Oral","04070100",,,,"111","CPRD_GOLD"
"61124","Paracetamol 500mg caplets (Bristol Laboratories Ltd) Paracetamol 500mg Tablet Oral","04070100",,,,"1896","CPRD_GOLD"
"5323","Paracetamol 250mg suppositories Paracetamol 250mg Suppository Rectal","04070100",,,,"7802","CPRD_GOLD"
"1404","Paracetamol 120mg/5ml oral suspension paediatric (Rosemont Pharmaceuticals Ltd) Paracetamol 24mg/1ml Oral suspension Oral","04070100",,,,"35674","CPRD_GOLD"
"34761","Paracetamol 120mg/5ml Oral solution (Teva UK Ltd) Paracetamol 24mg/1ml Oral solution Oral","04070100",,,,"35","CPRD_GOLD"
"48157","Paracetamol 120mg/5ml oral suspension paediatric sugar free (A A H Pharmaceuticals Ltd) Paracetamol 24mg/1ml Oral suspension Oral","04070100",,,,"12","CPRD_GOLD"
"9914","Calpol Six Plus Fastmelts 250mg tablets (McNeil Products Ltd) Paracetamol 250mg Orodispersible tablet Oral","04070100",,,,"1757","CPRD_GOLD"
"61485","Paracetamol 120mg/5ml oral solution paediatric sugar free (Alliance Healthcare (Distribution) Ltd) Paracetamol 24mg/1ml Oral solution Oral","04070100",,,,"4","CPRD_GOLD"
"40107","Paracetamol 500mg soluble tablets (Kent Pharmaceuticals Ltd) Paracetamol 500mg Effervescent tablet Oral","04070100",,,,"8","CPRD_GOLD"
"8093","PARACETAMOL SOLUBLE TAB    ","00000000",,,,"198","CPRD_GOLD"
"45649","Calpol infant 120mg/5ml Oral suspension (McNeil Products Ltd) Paracetamol 120mg/5ml Oral Suspension Oral","04070100",,,,"280","CPRD_GOLD"
"2034","Alvedon 125mg suppositories (Intrapharm Laboratories Ltd) Paracetamol 125mg Suppository Rectal","04070100",,,,"2285","CPRD_GOLD"
"9239","Paracetamol 120 mg capsule Paracetamol 120mg Capsules Oral","04070100",,,,"165","CPRD_GOLD"
"7668","PARACETAMOL 250 MG TAB    ","00000000",,,,"1355","CPRD_GOLD"
"6699","Paracetamol 60mg suppositories Paracetamol 60mg Suppository Rectal","04070100",,,,"5168","CPRD_GOLD"
"5243","Paracetamol 500mg suppositories Paracetamol 500mg Suppository Rectal","04070100",,,,"19853","CPRD_GOLD"
"32672","DISPROL PARACETAMOL SF    ","00000000",,,,"0","CPRD_GOLD"
"46846","Paracetamol 500mg/5ml oral solution Paracetamol 100mg/1ml Oral solution Oral","04070100",,,,"420","CPRD_GOLD"
"62088","Paracetamol 500mg caplets (Icarus Pharmaceuticals Ltd) Paracetamol 500mg Tablet Oral","04070100",,,,"185","CPRD_GOLD"
"35800","Mandanol Infant paracetamol 120mg/5ml oral suspension (M & A Pharmachem Ltd) Paracetamol 24mg/1ml Oral suspension Oral","04070100",,,,"33","CPRD_GOLD"
"35679","Paracetamol 500mg Tablet (Nucare Plc) Paracetamol 500mg Tablet Oral","04070100",,,,"404","CPRD_GOLD"
"27446","Paracetamol 120mg/5ml oral solution paediatric sugar free (Pinewood Healthcare) Paracetamol 24mg/1ml Oral solution Oral","04070100",,,,"9444","CPRD_GOLD"
"24000","Mandanol 500mg tablets (M & A Pharmachem Ltd) Paracetamol 500mg Tablet Oral","04070100",,,,"289","CPRD_GOLD"
"1946","PARACETAMOL 500 MG SUP    ","00000000",,,,"896","CPRD_GOLD"
"28211","Paracetamol 250mg/5ml oral suspension sugar free Paracetamol 250mg/5ml Oral Suspension Oral","04070100",,,,"50","CPRD_GOLD"
"9231","Calpol infant 120mg/5ml Oral suspension (McNeil Products Ltd) Paracetamol 120mg/5ml Oral Suspension Oral","04070100",,,,"26882","CPRD_GOLD"
"48129","Paracetamol 120mg/5ml oral suspension paediatric sugar free (Vantage) Paracetamol 24mg/1ml Oral suspension Oral","04070100",,,,"4","CPRD_GOLD"
"50232","Calpol Six Plus 250mg/5ml oral suspension 5ml sachets sugar free (McNeil Products Ltd) Paracetamol 50mg/1ml Oral suspension Oral","04070100",,,,"177","CPRD_GOLD"
"56566","Paracetamol 500mg caplets (J M McGill Ltd) Paracetamol 500mg Tablet Oral","04070100",,,,"1236","CPRD_GOLD"
"28878","Paracetamol 120mg/5ml oral solution paediatric (A A H Pharmaceuticals Ltd) Paracetamol 24mg/1ml Oral solution Oral","04070100",,,,"412","CPRD_GOLD"
"32839","Paracetamol 500mg tablets (A A H Pharmaceuticals Ltd) Paracetamol 500mg Tablet Oral","04070100",,,,"6414","CPRD_GOLD"
"38943","Medinol Paediatric paracetamol 120mg/5ml oral suspension (SSL International Plc) Paracetamol 24mg/1ml Oral suspension Oral","04070100",,,,"804","CPRD_GOLD"
"58582","Paracetamol 500mg tablets (Teva UK Ltd) Paracetamol 500mg Tablet Oral","04070100",,,,"2","CPRD_GOLD"
"38032","Paracetamol 500mg capsules (Teva UK Ltd) Paracetamol 500mg Capsule Oral","04070100",,,,"3","CPRD_GOLD"
"49417","Paracetamol 500mg caplets (Kent Pharmaceuticals Ltd) Paracetamol 500mg Tablet Oral","04070100",,,,"3970","CPRD_GOLD"
"21491","PARACETAMOL 30 MG SUP    ","00000000",,,,"62","CPRD_GOLD"
"48301","Paracetamol 120mg/5ml oral suspension paediatric Paracetamol 24mg/1ml Oral suspension Oral","04070100",,,,"106186","CPRD_GOLD"
"8091","PARACETAMOL CO TAB    ","00000000",,,,"1134","CPRD_GOLD"
"8020","PARACETAMOL 125 MG MIX    ","00000000",,,,"45","CPRD_GOLD"
"6571","Paracetamol 240mg oral powder sachets sugar free Paracetamol 240mg Powder Oral","04070100",,,,"758","CPRD_GOLD"
"5239","Paracetamol 1g oral powder sachets Paracetamol 1gram Powder Oral","04070100",,,,"2269","CPRD_GOLD"
"41414","Paracetamol 120mg/5ml Oral suspension (Co-Pharma Ltd) Paracetamol 120mg/5ml Oral Suspension Oral","04070100",,,,"15","CPRD_GOLD"
"24075","Mandanol 500mg caplets (M & A Pharmachem Ltd) Paracetamol 500mg Tablet Oral","04070100",,,,"1601","CPRD_GOLD"
"34669","Paracetamol 500mg capsules (Zentiva) Paracetamol 500mg Capsule Oral","04070100",,,,"546","CPRD_GOLD"
"31196","Paracetamol 500mg tablets (IVAX Pharmaceuticals UK Ltd) Paracetamol 500mg Tablet Oral","04070100",,,,"1407","CPRD_GOLD"
"49575","Paracetamol 500mg caplets (Vantage) Paracetamol 500mg Tablet Oral","04070100",,,,"4041","CPRD_GOLD"
"24400","PARACETAMOL    ","00000000",,,,"1","CPRD_GOLD"
"14560","PARACETAMOL 60 MG SUP    ","00000000",,,,"250","CPRD_GOLD"
"3316","Disprol Paracetamol 120mg soluble tablets (Reckitt Benckiser Healthcare (UK) Ltd) Paracetamol 120mg Soluble tablet Oral","04070100",,,,"757","CPRD_GOLD"
"47116","Paracetamol 500mg soluble tablets (Almus Pharmaceuticals Ltd) Paracetamol 500mg Effervescent tablet Oral","04070100",,,,"97","CPRD_GOLD"
"65299","Paracetamol 500mg caplets (Sigma Pharmaceuticals Plc) Paracetamol 500mg Tablet Oral","04070100",,,,"172","CPRD_GOLD"
"42834","Panadol OA 1000mg tablets (GlaxoSmithKline Consumer Healthcare) Paracetamol 1gram Tablet Oral","04070100",,,,"94","CPRD_GOLD"
"47834","Paracetamol 500mg soluble tablets (Actavis UK Ltd) Paracetamol 500mg Effervescent tablet Oral","04070100",,,,"23","CPRD_GOLD"
"55817","Lloydspharmacy Paracetamol 120mg/5ml oral suspension sugar free (Lloyds Pharmacy Ltd) Paracetamol 24mg/1ml Oral suspension Oral","04070100",,,,"4","CPRD_GOLD"
"15461","PARACETAMOL 100 MG SUP    ","00000000",,,,"114","CPRD_GOLD"
"12332","PARACETAMOL 240 MG SUS    ","00000000",,,,"223","CPRD_GOLD"
"27459","Paracetamol 500mg caplets (Zentiva) Paracetamol 500mg Tablet Oral","04070100",,,,"19932","CPRD_GOLD"
"28712","Galpamol 120mg/5ml Oral suspension (Galpharm International Ltd) Paracetamol 120mg/5ml Oral Suspension Oral","04070100",,,,"27","CPRD_GOLD"
"18441","Alvedon 60mg suppositories (Intrapharm Laboratories Ltd) Paracetamol 60mg Suppository Rectal","04070100",,,,"327","CPRD_GOLD"
"79079","Paracetamol 500mg Tablet (Thornton & Ross Ltd) Paracetamol 500mg Tablet Oral","04070100",,,,"2","CPRD_GOLD"
"34396","Paracetamol 500mg Tablet (Family Health) Paracetamol 500mg Tablet Oral","04070100",,,,"158","CPRD_GOLD"
"49105","Paracetamol 500mg caplets (Teva UK Ltd) Paracetamol 500mg Tablet Oral","04070100",,,,"10932","CPRD_GOLD"
"14551","Infadrops 100mg/ml liquid (Mercury Pharma Group Ltd) Paracetamol 100mg/1ml Oral solution Oral","00000000",,,,"7402","CPRD_GOLD"
"34235","Paracetamol 120mg Suppository (Penn Pharmaceuticals Ltd) Paracetamol 120mg Suppository Rectal","04070100",,,,"1","CPRD_GOLD"
"899","Calpol Six Plus 250mg/5ml oral suspension (McNeil Products Ltd) Paracetamol 50mg/1ml Oral suspension Oral","04070100",,,,"3772","CPRD_GOLD"
"23716","Paracetamol 500mg caplets (IVAX Pharmaceuticals UK Ltd) Paracetamol 500mg Tablet Oral","04070100",,,,"7583","CPRD_GOLD"
"48526","Paracetamol 1g suppositories Paracetamol 1gram Suppository Rectal","04070100",,,,"1217","CPRD_GOLD"
"2800","Panadol 500mg Soluble tablet (GlaxoSmithKline Consumer Healthcare) Paracetamol 500mg Effervescent tablet Oral","04070100",,,,"813","CPRD_GOLD"
"33826","Paracetamol 500mg Tablet (Teva UK Ltd) Paracetamol 500mg Tablet Oral","04070100",,,,"21429","CPRD_GOLD"
"46544","Paracetamol 500mg capsules (Wockhardt UK Ltd) Paracetamol 500mg Capsule Oral","04070100",,,,"8","CPRD_GOLD"
"63962","Paracetamol 500mg soluble tablets (Teva UK Ltd) Paracetamol 500mg Effervescent tablet Oral","04070100",,,,"1","CPRD_GOLD"
"48444","Calpol Infant 120mg/5ml oral suspension sugar free (McNeil Products Ltd) Paracetamol 24mg/1ml Oral suspension Oral","04070100",,,,"11796","CPRD_GOLD"
"67887","Paracetamol 120mg soluble tablets sugar free (Ennogen Healthcare Ltd) Paracetamol 120mg Soluble tablet Oral","04070100",,,,"1","CPRD_GOLD"
"50009","Paracetamol 120mg/5ml oral suspension 5ml sachets Paracetamol 24mg/1ml Oral suspension Oral","04070100",,,,"1924","CPRD_GOLD"
"48354","Paracetamol 120mg/5ml oral suspension paediatric sugar free Paracetamol 24mg/1ml Oral suspension Oral","04070100",,,,"255881","CPRD_GOLD"
"42371","Paracetamol 1g tablets Paracetamol 1gram Tablet Oral","04070100",,,,"5283","CPRD_GOLD"
"61522","Paracetamol 500mg caplets (Numark Ltd) Paracetamol 500mg Tablet Oral","04070100",,,,"653","CPRD_GOLD"
"48622","Calpol Infant 120mg/5ml oral suspension 5ml sachets sugar free (McNeil Products Ltd) Paracetamol 24mg/1ml Oral suspension Oral","04070100",,,,"820","CPRD_GOLD"
"74869","Paracetamol 120mg/5ml oral solution paediatric sugar free (Sigma Pharmaceuticals Plc) Paracetamol 24mg/1ml Oral solution Oral","04070100",,,,"29","CPRD_GOLD"
"1689","Paracetamol 120mg/5ml oral suspension sugar free Paracetamol 120mg/5ml Oral Suspension Paediatric Sugar-Free Oral","04070100",,,,"1140988","CPRD_GOLD"
"34954","Paracetamol 500mg tablets (Aspar Pharmaceuticals Ltd) Paracetamol 500mg Tablet Oral","04070100",,,,"7","CPRD_GOLD"
"1068","Calpol Paediatric 120mg/5ml oral suspension sugar free (McNeil Products Ltd) Paracetamol 24mg/1ml Oral suspension Oral","04070100",,,,"532631","CPRD_GOLD"
"43554","Paracetamol 120mg/5ml Oral solution (Celltech Pharma Europe Ltd) Paracetamol 24mg/1ml Oral solution Oral","04070100",,,,"25","CPRD_GOLD"
"889","CALPOL SIX PLUS 500 MG SUS    ","00000000",,,,"1816","CPRD_GOLD"
"43233","Paracetamol 500mg capsules (Kent Pharmaceuticals Ltd) Paracetamol 500mg Capsule Oral","04070100",,,,"77","CPRD_GOLD"
"23840","Panasorb 500mg Tablet (Sanofi-Synthelabo Ltd) Paracetamol 500mg Tablet Oral","04070100",,,,"1","CPRD_GOLD"
"7489","Panadol baby & infant 120mg/5ml Oral suspension (GlaxoSmithKline Consumer Healthcare) Paracetamol 120mg/5ml Oral Suspension Oral","04070100",,,,"686","CPRD_GOLD"
"34305","Paracetamol 500mg Tablet (M & A Pharmachem Ltd) Paracetamol 500mg Tablet Oral","04070100",,,,"147","CPRD_GOLD"
"57650","Paracetamol 500mg capsules (Sigma Pharmaceuticals Plc) Paracetamol 500mg Capsule Oral","04070100",,,,"0","CPRD_GOLD"
"38984","Paracetamol 500mg capsules (Actavis UK Ltd) Paracetamol 500mg Capsule Oral","04070100",,,,"70","CPRD_GOLD"
"7","Paracetamol 500mg tablets Paracetamol 500mg Tablet Oral","04070100",,,,"31283184","CPRD_GOLD"
"56046","Paracetamol 500mg capsules (Waymade Healthcare Plc) Paracetamol 500mg Capsule Oral","04070100",,,,"1","CPRD_GOLD"
"43199","Paracetamol 250mg/5ml oral suspension sugar free (Vantage) Paracetamol 50mg/1ml Oral suspension Oral","04070100",,,,"6","CPRD_GOLD"
"65239","Paracetamol 500mg caplets (Mawdsley-Brooks & Company Ltd) Paracetamol 500mg Tablet Oral","04070100",,,,"81","CPRD_GOLD"
"24534","Anadin Paracetamol 500mg tablets (Pfizer Consumer Healthcare Ltd) Paracetamol 500mg Tablet Oral","04070100",,,,"46","CPRD_GOLD"
"34858","Paracetamol Capsule (Co-operative) Paracetamol 500mg Capsule Oral","04070100",,,,"21","CPRD_GOLD"
"41409","Paracetamol 500mg suppositories (Martindale Pharmaceuticals Ltd) Paracetamol 500mg Suppository Rectal","04070100",,,,"33","CPRD_GOLD"
"78301","Paracetamol 500mg/5ml oral suspension (Royal Preston Hospital mucilage formula) (Special Order) Paracetamol 100mg/1ml Oral suspension Oral","04070100",,,,"11","CPRD_GOLD"
"32163","Paracetamol 500mg tablets (Vantage) Paracetamol 500mg Tablet Oral","04070100",,,,"42","CPRD_GOLD"
"759","Calpol infant 120mg/5ml Liquid (McNeil Products Ltd) Paracetamol 120mg/5ml Liquid Oral","04070100",,,,"10321","CPRD_GOLD"
"4633","Paracetamol 120mg/5ml oral solution paediatric sugar free Paracetamol 24mg/1ml Oral solution Oral","04070100",,,,"859471","CPRD_GOLD"
"23077","Paracetamol 120mg/5ml Oral suspension sugar free (Pinewood Healthcare) Paracetamol 120mg/5ml Oral Suspension Oral","04070100",,,,"45","CPRD_GOLD"
"54179","Paracetamol 500mg tablets (The Boots Company Plc) Paracetamol 500mg Tablet Oral","04070100",,,,"0","CPRD_GOLD"
"39934","Paracetamol 500mg caplets (Almus Pharmaceuticals Ltd) Paracetamol 500mg Tablet Oral","04070100",,,,"2161","CPRD_GOLD"
"34700","Paracetamol 250mg/5ml oral suspension sugar free (Pinewood Healthcare) Paracetamol 50mg/1ml Oral suspension Oral","04070100",,,,"264","CPRD_GOLD"
"901","Calpol 120mg/5ml Liquid (Pfizer Consumer Healthcare Ltd) Paracetamol 120mg/5ml Liquid Oral","04070100",,,,"355696","CPRD_GOLD"
"28636","Paracetamol 120mg/5ml Oral solution (Rosemont Pharmaceuticals Ltd) Paracetamol 24mg/1ml Oral solution Oral","04070100",,,,"31","CPRD_GOLD"
"34500","Paracetamol 500mg tablets (Kent Pharmaceuticals Ltd) Paracetamol 500mg Tablet Oral","04070100",,,,"155","CPRD_GOLD"
"33710","Paracetamol 500mg caplets (A A H Pharmaceuticals Ltd) Paracetamol 500mg Tablet Oral","04070100",,,,"335333","CPRD_GOLD"
"55129","Paracetamol 500mg caplets (Waymade Healthcare Plc) Paracetamol 500mg Tablet Oral","04070100",,,,"363","CPRD_GOLD"
"10993","Medinol 120mg/5ml Oral suspension (SSL International Plc) Paracetamol 120mg/5ml Oral Suspension Oral","04070100",,,,"1226","CPRD_GOLD"
"53984","Paracetamol 500mg/5ml oral suspension sugar free Paracetamol 100mg/1ml Oral suspension Oral","04070100",,,,"13128","CPRD_GOLD"
"56945","Paracetamol 500mg soluble tablets (Waymade Healthcare Plc) Paracetamol 500mg Effervescent tablet Oral","04070100",,,,"0","CPRD_GOLD"
"64154","Paracetamol 120mg/5ml oral solution paediatric sugar free (Waymade Healthcare Plc) Paracetamol 24mg/1ml Oral solution Oral","04070100",,,,"1","CPRD_GOLD"
"34409","Paracetamol 500mg Tablet (Co-operative) Paracetamol 500mg Tablet Oral","04070100",,,,"144","CPRD_GOLD"
"1999","Paracetamol 125mg suppositories Paracetamol 125mg Suppository Rectal","04070100",,,,"23858","CPRD_GOLD"
"34266","Tixymol 120mg/5ml Oral suspension (Novartis Consumer Health UK Ltd) Paracetamol 120mg/5ml Oral Suspension Oral","04070100",,,,"2","CPRD_GOLD"
"27452","Paracetamol 500mg soluble tablets (Zentiva) Paracetamol 500mg Effervescent tablet Oral","04070100",,,,"2930","CPRD_GOLD"
"77370","Paracetamol 500mg soluble tablets (Alliance Healthcare (Distribution) Ltd) Paracetamol 500mg Effervescent tablet Oral","04070100",,,,"617","CPRD_GOLD"
"1609","Paracetamol 500mg soluble tablets Paracetamol 500mg Effervescent tablet Oral","04070100",,,,"1884887","CPRD_GOLD"
"34861","Paracetamol 120mg suppositories (Martindale Pharmaceuticals Ltd) Paracetamol 120mg Suppository Rectal","04070100",,,,"24","CPRD_GOLD"
"59773","Paracetamol 500mg/5ml oral solution sugar free Paracetamol 100mg/1ml Oral solution Oral","04070100",,,,"6831","CPRD_GOLD"
"2546","PARACETAMOL SOLUBLE TAB    ","00000000",,,,"72205","CPRD_GOLD"
"27064","Paldesic paracetamol 120mg/5ml oral suspension (Rosemont Pharmaceuticals Ltd) Paracetamol 24mg/1ml Oral suspension Oral","04070100",,,,"97","CPRD_GOLD"
"7621","PARACETAMOL 300 MG TAB    ","00000000",,,,"1258","CPRD_GOLD"
"50482","Paracetamol 500mg tablets (DE Pharmaceuticals) Paracetamol 500mg Tablet Oral","04070100",,,,"0","CPRD_GOLD"
"1147","Paracetamol 120mg/5ml oral suspension Paracetamol 120mg/5ml Oral Suspension Paediatric Oral","04070100",,,,"561193","CPRD_GOLD"
"74500","Lloydspharmacy Paracetamol Six Plus 250mg/5ml oral suspension sugar free (Lloyds Pharmacy Ltd) Paracetamol 50mg/1ml Oral suspension Oral","04070100",,,,"2","CPRD_GOLD"
"258","Panadol 500mg tablets (GlaxoSmithKline Consumer Healthcare) Paracetamol 500mg Tablet Oral","04070100",,,,"381","CPRD_GOLD"
"20068","Paracetamol 250mg/5ml oral suspension sugar free Paracetamol 250mg/5ml Suspension Sugar-Free Oral","04070100",,,,"4210","CPRD_GOLD"
"42915","Paracetamol 120mg/5ml Oral solution (William Ransom) Paracetamol 24mg/1ml Oral solution Oral","04070100",,,,"36","CPRD_GOLD"
"78114","Paracetamol 120mg/5ml oral solution paediatric (Alliance Healthcare (Distribution) Ltd) Paracetamol 24mg/1ml Oral solution Oral","04070100",,,,"2","CPRD_GOLD"
"23617","Paracetamol 50mg oral powder sachets sugar free Paracetamol 50mg Powder Oral","04070100",,,,"331","CPRD_GOLD"
"11986","Medinol 120mg/5ml Oral suspension (SSL International Plc) Paracetamol 120mg/5ml Oral Suspension Oral","04070100",,,,"128","CPRD_GOLD"
"39656","Medinol Under 6 paracetamol 120mg/5ml oral suspension (SSL International Plc) Paracetamol 24mg/1ml Oral suspension Oral","04070100",,,,"14","CPRD_GOLD"
"42201","Paracetamol 500mg capsules (A A H Pharmaceuticals Ltd) Paracetamol 500mg Capsule Oral","04070100",,,,"68","CPRD_GOLD"
"61963","Paracetamol 500mg caplets (Ennogen Healthcare Ltd) Paracetamol 500mg Tablet Oral","04070100",,,,"816","CPRD_GOLD"
"75966","Paracetamol 1g effervescent tablets sugar free Paracetamol 1gram Effervescent tablet Oral","04070100",,,,"258","CPRD_GOLD"
"33687","Paracetamol 250mg/5ml oral suspension sugar free (A A H Pharmaceuticals Ltd) Paracetamol 50mg/1ml Oral suspension Oral","04070100",,,,"21","CPRD_GOLD"
"8292","PARACETAMOL 240 MG ELI    ","00000000",,,,"315","CPRD_GOLD"
"59599","Paracetamol 500mg tablets (Wockhardt UK Ltd) Paracetamol 500mg Tablet Oral","04070100",,,,"4","CPRD_GOLD"
"72288","Paracetamol 500mg caplets (Accord Healthcare Ltd) Paracetamol 500mg Tablet Oral","04070100",,,,"399","CPRD_GOLD"
"72131","Paracetamol 500mg capsules (Mawdsley-Brooks & Company Ltd) Paracetamol 500mg Capsule Oral","04070100",,,,"0","CPRD_GOLD"
"4196","Paracetamol 240mg suppositories Paracetamol 240mg Suppository Rectal","04070100",,,,"8427","CPRD_GOLD"
"28346","Paracetamol 500mg Tablet (M & A Pharmachem Ltd) Paracetamol 500mg Tablet Oral","04070100",,,,"5124","CPRD_GOLD"
"2055","Paracetamol 120mg/5ml oral solution paediatric Paracetamol 24mg/1ml Oral solution Oral","04070100",,,,"326853","CPRD_GOLD"
"77663","Paracetamol 250mg/5ml oral suspension sugar free (Kent Pharmaceuticals Ltd) Paracetamol 50mg/1ml Oral suspension Oral","04070100",,,,"1","CPRD_GOLD"
"49219","Calpol Infant 120mg/5ml oral suspension (McNeil Products Ltd) Paracetamol 24mg/1ml Oral suspension Oral","04070100",,,,"2565","CPRD_GOLD"
"40158","Paracetamol 500mg Capsule (A A H Pharmaceuticals Ltd) Paracetamol 500mg Capsule Oral","04070100",,,,"43","CPRD_GOLD"
"45645","Medinol for children 120mg/5ml Oral suspension (SSL International Plc) Paracetamol 120mg/5ml Oral Suspension Oral","04070100",,,,"102","CPRD_GOLD"
"63543","Paracetamol 500mg tablets (Sigma Pharmaceuticals Plc) Paracetamol 500mg Tablet Oral","04070100",,,,"24","CPRD_GOLD"
"79780","Paracetamol 20mg suppositories Paracetamol 20mg Suppository Rectal","04070100",,,,"1","CPRD_GOLD"
"7205","Panadol 500mg capsules (GlaxoSmithKline Consumer Healthcare) Paracetamol 500mg Capsule Oral","04070100",,,,"884","CPRD_GOLD"
"60442","Paracetamol 500mg tablets (Alliance Healthcare (Distribution) Ltd) Paracetamol 500mg Tablet Oral","04070100",,,,"1","CPRD_GOLD"
"39481","Panadol Advance 500mg tablets (GlaxoSmithKline Consumer Healthcare) Paracetamol 500mg Tablet Oral","04070100",,,,"196","CPRD_GOLD"
"43479","Paracetamol 500mg caplets (Actavis UK Ltd) Paracetamol 500mg Tablet Oral","04070100",,,,"67058","CPRD_GOLD"
"62323","Calpol Infant Sugar Free Colour Free 120mg/5ml oral suspension (McNeil Products Ltd) Paracetamol 24mg/1ml Oral suspension Oral","04070100",,,,"100","CPRD_GOLD"
"65683","Paracetamol 120mg/5ml oral suspension paediatric sugar free (Pinewood Healthcare) Paracetamol 24mg/1ml Oral suspension Oral","04070100",,,,"1","CPRD_GOLD"
"48597","Paracetamol 500mg caplets (Alliance Healthcare (Distribution) Ltd) Paracetamol 500mg Tablet Oral","04070100",,,,"16479","CPRD_GOLD"
"50504","Numark Paracetamol 500mg capsules (Numark Ltd) Paracetamol 500mg Capsule Oral","04070100",,,,"36","CPRD_GOLD"
"20194","PARACETAMOL 75 MG SUS    ","00000000",,,,"23","CPRD_GOLD"
"58526","Paracetamol 500mg caplets (AM Distributions (Yorkshire) Ltd) Paracetamol 500mg Tablet Oral","04070100",,,,"755","CPRD_GOLD"
"32093","Paracetamol 250mg/5ml oral suspension (Rosemont Pharmaceuticals Ltd) Paracetamol 50mg/1ml Oral suspension Oral","04070100",,,,"223","CPRD_GOLD"
"43028","Paracetamol 650mg oral powder sachets Paracetamol 650mg Powder Oral","04070100",,,,"30","CPRD_GOLD"
"2586","Disprol 120mg/5ml Oral suspension (Reckitt Benckiser Healthcare (UK) Ltd) Paracetamol 120mg/5ml Oral Suspension Oral","04070100",,,,"6745","CPRD_GOLD"
"65107","Paracetamol 500mg capsules (Bristol Laboratories Ltd) Paracetamol 500mg Capsule Oral","04070100",,,,"2","CPRD_GOLD"
"39333","Paracetamol 500mg Tablet (Aspar Pharmaceuticals Ltd) Paracetamol 500mg Tablet Oral","04070100",,,,"1","CPRD_GOLD"
"48295","Paracetamol 250mg/5ml oral suspension sugar free Paracetamol 50mg/1ml Oral suspension Oral","04070100",,,,"400391","CPRD_GOLD"
"32554","Placidex 120mg/5ml Oral solution (E C De Witt) Paracetamol 24mg/1ml Oral solution Oral","04070100",,,,"30","CPRD_GOLD"
"75935","Galpamol for Children 120mg/5ml oral suspension 5ml sachets sugar free (Galpharm International Ltd) Paracetamol 24mg/1ml Oral suspension Oral","04070100",,,,"1","CPRD_GOLD"
"855","Disprol 120mg/5ml Oral suspension (Reckitt Benckiser Healthcare (UK) Ltd) Paracetamol 120mg/5ml Oral Suspension Oral","04070100",,,,"85775","CPRD_GOLD"
"48330","Paracetamol 250mg/5ml oral suspension 5ml sachets sugar free Paracetamol 50mg/1ml Oral suspension Oral","04070100",,,,"609","CPRD_GOLD"
"34209","Paracetamol 500mg/5ml Oral suspension sugar free (Rosemont Pharmaceuticals Ltd) Paracetamol 500mg/5ml Oral Suspension Oral","04070100",,,,"36","CPRD_GOLD"
"49524","Paracetamol 250mg/5ml oral suspension sugar free (Alliance Healthcare (Distribution) Ltd) Paracetamol 50mg/1ml Oral suspension Oral","04070100",,,,"5298","CPRD_GOLD"
"43447","Paracetamol 120mg/5ml oral suspension paediatric sugar free (Thornton & Ross Ltd) Paracetamol 24mg/1ml Oral suspension Oral","04070100",,,,"950","CPRD_GOLD"
"43252","Paracetamol 500mg capsules (Aspar Pharmaceuticals Ltd) Paracetamol 500mg Capsule Oral","04070100",,,,"7","CPRD_GOLD"
"48561","Calpol Six Plus 250mg/5ml oral suspension sugar free (McNeil Products Ltd) Paracetamol 50mg/1ml Oral suspension Oral","04070100",,,,"1815","CPRD_GOLD"
"9271","Paracetamol 125mg/5ml syrup Paracetamol 125mg/5ml Syrup Oral","04070100",,,,"456","CPRD_GOLD"
"45298","Paracetamol 500mg tablets (Galpharm International Ltd) Paracetamol 500mg Tablet Oral","04070100",,,,"1","CPRD_GOLD"
"28955","Panadol ActiFast 500mg tablets (GlaxoSmithKline Consumer Healthcare) Paracetamol 500mg Tablet Oral","04070100",,,,"204","CPRD_GOLD"
"9329","Paracetamol 100mg/ml oral solution sugar free Paracetamol 100mg/1ml Oral solution Oral","00000000",,,,"4038","CPRD_GOLD"
"45348","Paracetamol 120mg/5ml Oral suspension (Nucare Plc) Paracetamol 120mg/5ml Oral Suspension Oral","04070100",,,,"3","CPRD_GOLD"
"15439","PARACETAMOL 150 MG SUP    ","00000000",,,,"170","CPRD_GOLD"
"50984","Paracetamol 250mg/5ml oral solution Paracetamol 50mg/1ml Oral solution Oral","04070100",,,,"3429","CPRD_GOLD"
"34350","Paracetamol 500mg Tablet (Celltech Pharma Europe Ltd) Paracetamol 500mg Tablet Oral","04070100",,,,"68","CPRD_GOLD"
"47211","Paracetamol 500mg capsules (Focus Pharmaceuticals Ltd) Paracetamol 500mg Capsule Oral","04070100",,,,"1","CPRD_GOLD"
"7650","PARACETAMOL 125 MG ELI    ","00000000",,,,"879","CPRD_GOLD"
"48535","Paracetamol 500mg caplets (Rusco Ltd) Paracetamol 500mg Tablet Oral","04070100",,,,"1577","CPRD_GOLD"
"33386","Paracetamol 120mg/5ml oral suspension paediatric (A A H Pharmaceuticals Ltd) Paracetamol 24mg/1ml Oral suspension Oral","04070100",,,,"261","CPRD_GOLD"
"71270","Paracetamol 500mg effervescent tablets Paracetamol 500mg Effervescent tablet Oral","04070100",,,,"7346","CPRD_GOLD"
"33104","Paraclear 500mg Soluble tablet (Roche Consumer Health) Paracetamol 500mg Effervescent tablet Oral","04070100",,,,"1","CPRD_GOLD"
"8259","PARACETAMOL 500 MG ELI    ","00000000",,,,"84","CPRD_GOLD"
"45349","Paracetamol 240mg suppositories (Martindale Pharmaceuticals Ltd) Paracetamol 240mg Suppository Rectal","04070100",,,,"8","CPRD_GOLD"
"41680","Paracetamol 120mg/5ml Oral suspension sugar free (IVAX Pharmaceuticals UK Ltd) Paracetamol 120mg/5ml Oral Suspension Oral","04070100",,,,"8","CPRD_GOLD"
"139","Paracetamol 500mg capsules Paracetamol 500mg Capsule Oral","04070100",,,,"2324140","CPRD_GOLD"
"21754","PARACETAMOL 20 MG SUP    ","00000000",,,,"48","CPRD_GOLD"
"3074","Paracetamol 120mg soluble tablets sugar free Paracetamol 120mg Soluble tablet Oral","00000000",,,,"5876","CPRD_GOLD"
"55418","Paracetamol 500mg Tablet (Almus Pharmaceuticals Ltd) Paracetamol 500mg Tablet Oral","04070100",,,,"0","CPRD_GOLD"
"39647","Medinol Over 6 paracetamol 250mg/5ml oral suspension (SSL International Plc) Paracetamol 50mg/1ml Oral suspension Oral","04070100",,,,"80","CPRD_GOLD"
"70018","Boots Paracetamol 500mg caplets (The Boots Company Plc) Paracetamol 500mg Tablet Oral","04070100",,,,"36","CPRD_GOLD"
"34678","Paracetamol 120mg/5ml oral solution paediatric (Thornton & Ross Ltd) Paracetamol 24mg/1ml Oral solution Oral","04070100",,,,"152","CPRD_GOLD"
"25895","Hedex 500mg tablets (Omega Pharma Ltd) Paracetamol 500mg Tablet Oral","04070100",,,,"21","CPRD_GOLD"
"3313","Calpol six plus 250mg/5ml Oral suspension sugar free (McNeil Products Ltd) Paracetamol 250mg/5ml Oral Suspension Oral","04070100",,,,"1507","CPRD_GOLD"
"30984","Paracetamol 250mg/5ml oral suspension (A A H Pharmaceuticals Ltd) Paracetamol 50mg/1ml Oral suspension Oral","04070100",,,,"90","CPRD_GOLD"
"64073","Paracetamol 120mg/5ml oral suspension paediatric sugar free (Alliance Healthcare (Distribution) Ltd) Paracetamol 24mg/1ml Oral suspension Oral","04070100",,,,"8","CPRD_GOLD"
"67784","Paracetamol 500mg capsules (Almus Pharmaceuticals Ltd) Paracetamol 500mg Capsule Oral","00000000",,,,"0","CPRD_GOLD"
"46763","Paracetamol 500mg/5ml oral suspension Paracetamol 100mg/1ml Oral suspension Oral","04070100",,,,"253","CPRD_GOLD"
"61406","Paracetamol 80mg suppositories Paracetamol 80mg Suppository Rectal","04070100",,,,"52","CPRD_GOLD"
"20403","Paracetamol powder Paracetamol  Powder ","50000000",,,,"300","CPRD_GOLD"
"19139","Paracetamol 500mg Suppository (Distriphar (UK)) Paracetamol 500mg Suppository Rectal","04070100",,,,"3","CPRD_GOLD"
"4186","Paracetamol 250mg/5ml oral suspension sugar free Paracetamol 250mg/5ml Suspension Sugar-Free Oral","04070100",,,,"647133","CPRD_GOLD"
"49096","Paracetamol 500mg caplets (Lloyds Pharmacy Ltd) Paracetamol 500mg Tablet Oral","04070100",,,,"1279","CPRD_GOLD"
"14899","Alvedon 250mg suppositories (Intrapharm Laboratories Ltd) Paracetamol 250mg Suppository Rectal","04070100",,,,"388","CPRD_GOLD"
"68434","Paracetamol 250mg/5ml Liquid (Co-Pharma Ltd) Paracetamol 50mg/1ml Oral suspension Oral","04070100",,,,"1","CPRD_GOLD"
"15238","Paracetamol 500mg tablets (Zentiva) Paracetamol 500mg Tablet Oral","04070100",,,,"7236","CPRD_GOLD"
"58743","Paracetamol 500mg tablets (Accord Healthcare Ltd) Paracetamol 500mg Tablet Oral","04070100",,,,"4685","CPRD_GOLD"
"32970","Paracets 500mg capsules (Sussex Pharmaceutical Ltd) Paracetamol 500mg Capsule Oral","04070100",,,,"14","CPRD_GOLD"
"37411","Paldesic paracetamol 250mg/5ml oral suspension (Rosemont Pharmaceuticals Ltd) Paracetamol 50mg/1ml Oral suspension Oral","04070100",,,,"23","CPRD_GOLD"
"42514","Paracetamol oral liquid Paracetamol  Oral Liquid Oral","04070100",,,,"16","CPRD_GOLD"
"67086","Paracetamol 500mg capsules (Galpharm International Ltd) Paracetamol 500mg Capsule Oral","04070100",,,,"0","CPRD_GOLD"
"80440","Paracetamol 500mg/5ml oral suspension sugar free (A A H Pharmaceuticals Ltd) Paracetamol 100mg/1ml Oral suspension Oral","04070100",,,,"1","CPRD_GOLD"
"42125","Paracetamol 120mg Suppository (Distriphar (UK)) Paracetamol 120mg Suppository Rectal","04070100",,,,"8","CPRD_GOLD"
"49314","Paracetamol 120mg/5ml oral suspension 5ml sachets sugar free Paracetamol 24mg/1ml Oral suspension Oral","04070100",,,,"1192","CPRD_GOLD"
"60812","Paracetamol 500mg caplets (Ethigen Ltd) Paracetamol 500mg Tablet Oral","04070100",,,,"1386","CPRD_GOLD"
"38323","Paracetamol 120mg/5ml Oral solution sugar free (A A H Pharmaceuticals Ltd) Paracetamol 24mg/1ml Oral solution Oral","04070100",,,,"426","CPRD_GOLD"
"22014","Disprol paracetamol 120mg/5ml Oral suspension (Reckitt Benckiser Healthcare (UK) Ltd) Paracetamol 120mg/5ml Oral Suspension Oral","04070100",,,,"237","CPRD_GOLD"
"28344","Paracetamol 500mg caplets (Wockhardt UK Ltd) Paracetamol 500mg Tablet Oral","04070100",,,,"6223","CPRD_GOLD"
"10748","Tramil 500mg Capsule (Wyeth Consumer Healthcare) Paracetamol 500mg Capsule Oral","04070100",,,,"5","CPRD_GOLD"
"45259","Paracetamol 500mg Tablet (OBG Pharmaceuticals Ltd) Paracetamol 500mg Tablet Oral","04070100",,,,"2","CPRD_GOLD"
"31257","Paracetamol 500mg caplets (Galpharm International Ltd) Paracetamol 500mg Tablet Oral","04070100",,,,"5689","CPRD_GOLD"
"62743","Boots Paracetamol 500mg capsules (The Boots Company Plc) Paracetamol 500mg Capsule Oral","04070100",,,,"12","CPRD_GOLD"
"26988","Paracets 500mg Tablet (Sussex Pharmaceutical Ltd) Paracetamol 500mg Tablet Oral","04070100",,,,"738","CPRD_GOLD"
"22288","Medinol 250mg/5ml Oral suspension (SSL International Plc) Paracetamol 250mg/5ml Oral Suspension Oral","04070100",,,,"167","CPRD_GOLD"
"9712","Paracetamol 250mg orodispersible tablets sugar free Paracetamol 250mg Orodispersible tablet Oral","04070100",,,,"9164","CPRD_GOLD"
"1865","PARACETAMOL 1 GM TAB    ","00000000",,,,"17511","CPRD_GOLD"
"33614","Obimol 500mg Tablet (Ayrton Saunders Ltd) Paracetamol 500mg Tablet Oral","04070100",,,,"1","CPRD_GOLD"
"65080","Paracetamol 250mg/5ml oral suspension sugar free (DE Pharmaceuticals) Paracetamol 50mg/1ml Oral suspension Oral","04070100",,,,"4","CPRD_GOLD"
"2344","Paracetamol 120mg suppositories Paracetamol 120mg Suppository Rectal","04070100",,,,"26593","CPRD_GOLD"
"36945","Mandanol 6+ paracetamol 250mg/5ml oral suspension (M & A Pharmachem Ltd) Paracetamol 50mg/1ml Oral suspension Oral","04070100",,,,"31","CPRD_GOLD"
"63943","Paracetamol 500mg caplets (Crescent Pharma Ltd) Paracetamol 500mg Tablet Oral","04070100",,,,"830","CPRD_GOLD"
"79236","Paracetamol 120mg/5ml oral suspension paediatric sugar free (Kent Pharmaceuticals Ltd) Paracetamol 24mg/1ml Oral suspension Oral","04070100",,,,"3","CPRD_GOLD"
"54853","Paracetamol 120mg/5ml oral solution paediatric sugar free (A A H Pharmaceuticals Ltd) Paracetamol 24mg/1ml Oral solution Oral","04070100",,,,"3","CPRD_GOLD"
"34718","Paracetamol 120mg/5ml oral suspension sugar free Paracetamol 120mg/5ml Oral Suspension Oral","04070100",,,,"60","CPRD_GOLD"
"53952","Paracetamol 500mg capsules (Lloyds Pharmacy Ltd) Paracetamol 500mg Capsule Oral","04070100",,,,"4","CPRD_GOLD"
"52948","Paracetamol 1g/5ml oral suspension Paracetamol 200mg/1ml Oral suspension Oral","04070100",,,,"4","CPRD_GOLD"
"81222","Paracetamol 500mg tablets (Genesis Pharmaceuticals Ltd)Paracetamol500mgTabletOral ","04070100",,,,"0","CPRD_GOLD"
"81255","Paracetamol 10mg suppositories ","04070100",,,,"1","CPRD_GOLD"
"81736","Paracetamol 1g/5ml oral solutionParacetamol200mg/1mlOral solutionOral ","04070100",,,,"1","CPRD_GOLD"
"81748","Paracetamol 500mg/5ml oral solution sugar free (Advanz Pharma)Paracetamol100mg/1mlOral solutionOral ","04070100",,,,"0","CPRD_GOLD"
"82726","Paracetamol 500mg/5ml oral suspension sugar free (DE Pharmaceuticals)Paracetamol100mg/1mlOral suspensionOral ","04070100",,,,"1","CPRD_GOLD"
"82800","Altridexamol 1000mg effervescent tablets (TriOn Pharma Ltd)Paracetamol1gramEffervescent tabletOral ","04070100",,,,"1","CPRD_GOLD"
"82887","Paracetamol 250mg/5ml oral suspension sugar free (Dowelhurst Ltd)Paracetamol50mg/1mlOral suspensionOral ","04070100",,,,"2","CPRD_GOLD"
